{
  "Meteorology": 2.4154589371980677,
  "Geography": 0.4830917874396135,
  "Physics/Geophysics": 0.4830917874396135,
  "Agriculture": 18.84057971014493,
  "General Science": 14.975845410628018,
  "Botany/Plant Breeding": 36.71497584541063,
  "Horticulture": 7.729468599033816,
  "Ecology": 2.898550724637681,
  "Entomology": 0.4830917874396135,
  "Natural History": 1.4492753623188406,
  "Biology": 4.3478260869565215,
  "Gardening": 1.4492753623188406,
  "Soil Science": 1.932367149758454,
  "Engineering": 3.3816425120772946,
  "Medicine/Physiology": 1.4492753623188406,
  "Chemistry": 0.966183574879227
}