{
  "Meteorology": 5.230769230769231,
  "Geography": 0.3076923076923077,
  "Physics/Geophysics": 0.9230769230769231,
  "Agriculture": 25.846153846153847,
  "General Science": 9.230769230769232,
  "ND": 0.3076923076923077,
  "Botany/Plant Breeding": 21.53846153846154,
  "Horticulture": 11.384615384615385,
  "Food Science": 2.4615384615384617,
  "Ecology": 3.3846153846153846,
  "Entomology": 4.0,
  "Natural History": 0.6153846153846154,
  "Biology": 4.3076923076923075,
  "Gardening": 0.6153846153846154,
  "Soil Science": 4.923076923076923,
  "Engineering": 1.5384615384615385,
  "Forestry": 0.6153846153846154,
  "Medicine/Physiology": 1.8461538461538463,
  "Zoology": 0.3076923076923077,
  "Chemistry": 0.3076923076923077,
  "Hydrology": 0.3076923076923077
}